{
	"extrapolate": true,
	"spawns": [
		{
			"pos": [402.95958149226, -255.74711165371, 145.53300140918],
			"rot": [-0.010444858058027, 0.0040378845973568, 0.70231117299165, 0.71178200083959]
		},
		{
			"pos": [418.97880986862, -255.76792394184, 145.73481779082],
			"rot": [-0.0084382438957833, 0.0025568660572166, 0.70157283254744, 0.71254320508112]
		}
	]
}
