{
	"extrapolate": true,
	"spawns": [
		{
			"pos": [392.3104, -229.08285, 145.351295],
			"rot": [-0.0074257322589251, 0.0096956889517697, 0.70946987085752, 0.70462994150233]
		},
		{
			"pos": [403.89925719461, -228.97242403846, 145.50574554688],
			"rot": [-0.0047793740905406, 0.0085375935347277, 0.71156381655469, 0.70255334462947]
		}
	]
}
