{
	"extrapolate": true,
	"spawns": [
		{
			"pos": [394.94521325747, -248.24674602632, 146.42029958877],
			"rot": [-0.0053324114860346, 0.010672528734306, 0.70440978931514, 0.70969325150741]
		},
		{
			"pos": [411.03452890313, -248.22268752521, 146.63234198506],
			"rot": [-0.0044214712552341, 0.0088653606712908, 0.7106338997057, 0.70349222921165]
		}
	]
}
