{"triangles":[{"a":[384.33148,-266.16132],"b":[386.33148,-266.16132],"c":[384.33148,-226.5703]},{"a":[386.33148,-266.16132],"b":[386.33148,-226.5703],"c":[384.33148,-226.5703]}]}